S1	E1	S2	E2	Reference	Contig	IDY	Ambiguous	Best_group
CONTIG	utg0	62758	unaligned
CONTIG	utg1	133443	unaligned
CONTIG	utg2	35702	unaligned
862411	864031	30740	29119	NC_057382.1	utg4	95.26		True
CONTIG	utg4	922461	correct_unaligned
149124	149192	4525	4593	NC_057372.1	utg5	100.0		True
unknown
149290	149374	4691	4775	NC_057372.1	utg5	98.82		True
unknown
149970	150041	5368	5439	NC_057372.1	utg5	100.0		True
unknown
150044	150438	5440	5834	NC_057372.1	utg5	99.75		True
unknown
150439	150618	5836	6015	NC_057372.1	utg5	100.0		True
unknown
150829	150955	6204	6330	NC_057372.1	utg5	95.28		True
unknown
150957	151078	6331	6452	NC_057372.1	utg5	96.72		True
unknown
151109	151204	6478	6573	NC_057372.1	utg5	98.96		True
unknown
151279	151361	6642	6724	NC_057372.1	utg5	100.0		True
unknown
151419	151498	6782	6861	NC_057372.1	utg5	95.0		True
unknown
151561	151649	6922	7010	NC_057372.1	utg5	100.0		True
unknown
151651	152204	7011	7564	NC_057372.1	utg5	98.74		True
unknown
152226	152440	7581	7795	NC_057372.1	utg5	96.74		True
unknown
152505	152616	7858	7969	NC_057372.1	utg5	95.54		True
unknown
152623	152833	7975	8185	NC_057372.1	utg5	97.16		True
unknown
152834	152930	8188	8284	NC_057372.1	utg5	100.0		True
unknown
152932	153626	8285	8979	NC_057372.1	utg5	98.99		True
unknown
153628	154219	8980	9571	NC_057372.1	utg5	98.31		True
unknown
154259	154413	9609	9763	NC_057372.1	utg5	100.0		True
unknown
154415	155026	9764	10375	NC_057372.1	utg5	99.51		True
unknown
155032	155120	10376	10464	NC_057372.1	utg5	98.88		True
unknown
148421	155120	13131	19766	NC_057372.1	utg5	96.43		True
unknown
158224	161931	22436	26097	NC_057372.1	utg5	95.28		True
unknown
154378	155120	36939	37681	NC_057372.1	utg5	95.69		True
unknown
1107655	1107778	678146	678269	NC_057372.1	utg5	98.39		True
unknown
1200457	1200521	771597	771661	NC_057372.1	utg5	98.46		True
unknown
1255138	1255290	826044	826196	NC_057372.1	utg5	96.73		True
unknown
862613	862840	1112554	1112781	NC_057382.1	utg5	97.37		True
unknown
862841	863755	1112783	1113697	NC_057382.1	utg5	96.17		True
unknown
96006	96141	1133161	1133296	NC_057377.1	utg5	95.59		True
unknown
96143	97352	1133297	1134506	NC_057377.1	utg5	95.29		True
unknown
3535338	3535820	1173100	1173582	NC_057385.1	utg5	95.65		True
unknown
3535821	3536251	1173584	1174014	NC_057385.1	utg5	95.36		True
unknown
3536253	3536546	1174015	1174308	NC_057385.1	utg5	95.24		True
unknown
3536548	3536673	1174309	1174434	NC_057385.1	utg5	95.24		True
unknown
2662489	2662696	2113847	2114054	NC_057372.1	utg5	96.63		True
unknown
2687969	2688166	2139358	2139555	NC_057372.1	utg5	95.96		True
unknown
1956171	1956531	2226292	2226652	NC_057379.1	utg5	96.12		True
unknown
1219157	1219257	2227638	2227538	NC_057380.1	utg5	96.04		True
unknown
1218946	1219137	2227849	2227658	NC_057380.1	utg5	95.31		True
unknown
2906377	2906692	2270690	2271005	NC_057372.1	utg5	95.25		True
unknown
862409	864034	2534436	2532811	NC_057382.1	utg5	95.64		True
unknown
862411	862788	2592118	2592496	NC_057382.1	utg5	95.51		True
unknown
862850	864031	2592894	2594074	NC_057382.1	utg5	95.43		True
unknown
862409	864031	2673984	2672361	NC_057382.1	utg5	95.38		True
unknown
CONTIG	utg5	2726930	mis_unaligned
CONTIG	utg6	112181	unaligned
1218946	1219137	143356	143547	NC_057380.1	utg7	95.83		True
unknown
1219138	1219257	143549	143668	NC_057380.1	utg7	95.0		True
unknown
1219504	1219642	143913	144051	NC_057380.1	utg7	95.68		True
unknown
1956171	1956531	144908	144548	NC_057379.1	utg7	96.4		True
unknown
1956170	1956531	527749	528110	NC_057379.1	utg7	95.58		True
unknown
1219504	1219642	528744	528606	NC_057380.1	utg7	96.4		True
unknown
1218946	1219137	529307	529116	NC_057380.1	utg7	96.35		True
unknown
1474151	1474217	588132	588198	NC_057378.1	utg7	97.01		True
unknown
1474337	1474423	588288	588374	NC_057378.1	utg7	98.85		True
unknown
1474640	1475035	588539	588934	NC_057378.1	utg7	96.97		True
unknown
1956171	1956531	740723	741083	NC_057379.1	utg7	95.84		True
unknown
862410	864032	1381792	1383415	NC_057382.1	utg7	95.57		True
unknown
1956171	1956531	1682324	1682684	NC_057379.1	utg7	95.84		True
unknown
1956170	1956531	1902335	1901974	NC_057379.1	utg7	96.13		True
unknown
CONTIG	utg7	2108200	mis_unaligned
CONTIG	utg8	101429	unaligned
CONTIG	utg11	140141	unaligned
1884271	1884341	510035	509965	NC_057379.1	utg13	95.77		True
unknown
1883870	1883961	510433	510342	NC_057379.1	utg13	98.91		True
unknown
CONTIG	utg13	685561	mis_unaligned
CONTIG	utg16	43647	unaligned
862411	864031	54591	56219	NC_057382.1	utg17	95.4		True
unknown
862410	864031	594089	592468	NC_057382.1	utg17	95.02		True
unknown
CONTIG	utg17	1701422	mis_unaligned
CONTIG	utg18	40302	unaligned
CONTIG	utg20	32834	unaligned
862613	862840	885186	885413	NC_057382.1	utg22	97.37		True
unknown
862841	863650	885415	886224	NC_057382.1	utg22	95.43		True
unknown
863652	863799	886225	886372	NC_057382.1	utg22	95.95		True
unknown
1111205	1111307	999882	999984	NC_057371.1	utg22	99.03		True
unknown
1114335	1114420	1002968	1003053	NC_057371.1	utg22	98.84		True
unknown
1146463	1146565	1035247	1035349	NC_057371.1	utg22	96.12		True
unknown
1567019	1567119	1486889	1486987	NC_057371.1	utg22	96.04		True
unknown
1770316	1770515	1689930	1690129	NC_057371.1	utg22	98.0		True
unknown
1775295	1775366	1694888	1694959	NC_057371.1	utg22	100.0		True
unknown
1782816	1782884	1701999	1702067	NC_057371.1	utg22	97.1		True
unknown
CONTIG	utg22	2489550	mis_unaligned
CONTIG	utg23	62454	unaligned
CONTIG	utg24	65152	unaligned
CONTIG	utg25	153302	unaligned
862409	864033	224187	222565	NC_057382.1	utg26	95.14		True
unknown
520548	520624	396240	396316	NC_057384.1	utg26	97.4		True
unknown
522342	522514	398069	398241	NC_057384.1	utg26	95.95		True
unknown
523037	523117	398788	398868	NC_057384.1	utg26	95.06		True
unknown
862841	863755	538643	537729	NC_057382.1	utg26	96.28		True
unknown
862613	862797	538871	538687	NC_057382.1	utg26	98.38		True
unknown
1956169	1956531	874833	875195	NC_057379.1	utg26	96.42		True
unknown
1037716	1038294	991811	992390	NC_057371.1	utg26	97.41		True
unknown
1038393	1038521	994384	994512	NC_057371.1	utg26	96.12		True
unknown
1038752	1039017	994703	994968	NC_057371.1	utg26	96.62		True
unknown
1039019	1039245	994969	995195	NC_057371.1	utg26	96.48		True
unknown
CONTIG	utg26	1132728	mis_unaligned
1166482	1166576	584526	584432	NC_057385.1	utg28	97.89		True
unknown
1165522	1165666	585514	585370	NC_057385.1	utg28	95.86		True
unknown
1165304	1165393	585720	585631	NC_057385.1	utg28	95.56		True
unknown
2311954	2312025	862061	862132	NC_057385.1	utg28	97.22		True
unknown
2321497	2321593	871572	871668	NC_057385.1	utg28	95.88		True
unknown
2337518	2337664	887480	887626	NC_057385.1	utg28	98.64		True
unknown
2382082	2382191	932145	932254	NC_057385.1	utg28	95.5		True
unknown
2736342	2736431	1290332	1290421	NC_057385.1	utg28	100.0		True
unknown
2769603	2769735	1323330	1323461	NC_057385.1	utg28	96.24		True
unknown
2785921	2786144	1339528	1339751	NC_057385.1	utg28	96.88		True
unknown
2786277	2786413	1339893	1340029	NC_057385.1	utg28	96.35		True
unknown
2789642	2789736	1343233	1343327	NC_057385.1	utg28	96.84		True
unknown
3106987	3107108	1660842	1660965	NC_057385.1	utg28	95.97		True
unknown
3114733	3114805	1668646	1668718	NC_057385.1	utg28	97.26		True
unknown
3246608	3246696	1801190	1801278	NC_057385.1	utg28	95.51		True
unknown
3257743	3257849	1812991	1813096	NC_057385.1	utg28	96.26		True
unknown
862411	863709	2056204	2054905	NC_057382.1	utg28	95.7		True
unknown
862411	864031	2089571	2091188	NC_057382.1	utg28	95.01		True
unknown
CONTIG	utg28	2130737	mis_unaligned
2785529	2785627	124028	124126	NC_057371.1	utg30	100.0		True
CONTIG	utg30	207153	correct_unaligned
CONTIG	utg32	28664	unaligned
1038401	1039245	301859	302702	NC_057371.1	utg33	96.45		True
unknown
862613	862699	1435076	1435162	NC_057382.1	utg33	97.7		True
unknown
862701	862840	1435163	1435302	NC_057382.1	utg33	96.43		True
unknown
862841	863324	1435304	1435787	NC_057382.1	utg33	95.66		True
unknown
CONTIG	utg33	1440867	mis_unaligned
CONTIG	utg34	302457	unaligned
1956171	1956531	543990	544350	NC_057379.1	utg35	95.01		True
unknown
862409	864031	681162	679545	NC_057382.1	utg35	95.2		True
unknown
776563	776699	1066673	1066537	NC_057383.1	utg35	95.62		True
unknown
750814	750883	1092293	1092224	NC_057383.1	utg35	95.71		True
unknown
749980	750044	1093090	1093026	NC_057383.1	utg35	95.38		True
unknown
749387	749455	1093665	1093597	NC_057383.1	utg35	97.1		True
unknown
1956171	1956531	1169748	1169388	NC_057379.1	utg35	95.84		True
unknown
1037716	1038109	1577213	1577606	NC_057371.1	utg35	96.45		True
unknown
CONTIG	utg35	1590788	mis_unaligned
CONTIG	utg36	106164	unaligned
CONTIG	utg37	137997	unaligned
CONTIG	utg38	48851	unaligned
1956171	1956531	47799	47439	NC_057379.1	utg39	95.84		True
unknown
1172078	1172199	812570	812449	NC_057374.1	utg39	100.0		True
unknown
1023236	1023331	960825	960730	NC_057374.1	utg39	95.88		True
unknown
1018315	1018382	965685	965618	NC_057374.1	utg39	97.06		True
unknown
1016225	1016308	967744	967661	NC_057374.1	utg39	95.24		True
unknown
937076	937166	1046619	1046530	NC_057374.1	utg39	97.8		True
unknown
862413	864030	1219934	1221549	NC_057382.1	utg39	95.31		True
unknown
862416	864031	1358400	1356786	NC_057382.1	utg39	95.43		True
unknown
871758	871899	1472879	1472738	NC_057382.1	utg39	96.48		True
unknown
871342	871514	1473252	1473080	NC_057382.1	utg39	96.53		True
unknown
1956171	1956531	1474092	1473735	NC_057379.1	utg39	95.29		True
unknown
CONTIG	utg39	1890453	mis_unaligned
1093387	1093471	227840	227756	NC_057378.1	utg40	100.0		True
unknown
1073048	1073123	247688	247613	NC_057378.1	utg40	100.0		True
unknown
952126	952211	368679	368594	NC_057378.1	utg40	100.0		True
unknown
926407	926489	393675	393593	NC_057378.1	utg40	98.8		True
unknown
862410	864031	573743	575365	NC_057382.1	utg40	95.45		True
unknown
CONTIG	utg40	1277800	mis_unaligned
2827422	2827515	572325	572232	NC_057370.1	utg41	100.0		True
unknown
2398867	2398937	1000833	1000763	NC_057370.1	utg41	95.77		True
unknown
2395881	2395973	1003798	1003706	NC_057370.1	utg41	95.7		True
unknown
2338067	2338162	1060881	1060786	NC_057370.1	utg41	100.0		True
unknown
2298433	2298518	1100601	1100516	NC_057370.1	utg41	95.35		True
unknown
2235495	2235609	1163444	1163330	NC_057370.1	utg41	97.39		True
unknown
2198286	2198376	1199769	1199679	NC_057370.1	utg41	96.7		True
unknown
1547382	1547449	1850044	1849977	NC_057370.1	utg41	97.06		True
unknown
1428180	1428322	1968934	1968792	NC_057370.1	utg41	96.5		True
unknown
862411	864031	2621106	2619484	NC_057382.1	utg41	95.2		True
unknown
1227194	1227260	2650349	2650415	NC_057380.1	utg41	97.01		True
unknown
1227308	1227455	2650469	2650616	NC_057380.1	utg41	95.27		True
unknown
1228096	1228320	2651265	2651489	NC_057380.1	utg41	98.22		True
unknown
75076	76159	2659808	2658725	NC_057381.1	utg41	95.39		True
unknown
1956171	1956531	2873224	2872864	NC_057379.1	utg41	95.57		True
unknown
862411	864032	2903150	2904772	NC_057382.1	utg41	95.01		True
unknown
CONTIG	utg41	2974126	mis_unaligned
862907	863803	679937	679041	NC_057382.1	utg42	95.65		True
unknown
862613	862840	680231	680004	NC_057382.1	utg42	96.93		True
unknown
1956171	1956531	1029087	1028727	NC_057379.1	utg42	95.29		True
unknown
1956171	1956531	1122535	1122175	NC_057379.1	utg42	95.29		True
unknown
1956170	1956531	1461990	1461629	NC_057379.1	utg42	96.41		True
unknown
862409	864033	1531755	1530130	NC_057382.1	utg42	95.64		True
unknown
CONTIG	utg42	1801221	mis_unaligned
862411	864031	176873	175254	NC_057382.1	utg43	95.01		True
unknown
75090	76159	356701	355632	NC_057381.1	utg43	96.36		True
unknown
862411	864032	415118	416740	NC_057382.1	utg43	95.2		True
unknown
862419	864031	666813	668427	NC_057382.1	utg43	95.29		True
unknown
1037714	1038264	770158	769608	NC_057371.1	utg43	98.19		True
unknown
CONTIG	utg43	794686	mis_unaligned
CONTIG	utg44	38882	unaligned
CONTIG	utg45	54326	unaligned
CONTIG	utg46	56775	unaligned
CONTIG	utg47	56921	unaligned
CONTIG	utg48	247932	unaligned
CONTIG	utg50	80506	unaligned
862410	864031	216764	218387	NC_057382.1	utg52	95.08		True
unknown
862411	864031	755691	754072	NC_057382.1	utg52	95.5		True
unknown
862411	864031	1654045	1655666	NC_057382.1	utg52	95.38		True
unknown
871810	872080	1863826	1863556	NC_057382.1	utg52	95.2		True
unknown
1956179	1956531	1865158	1864806	NC_057379.1	utg52	95.18		True
unknown
CONTIG	utg52	1951041	mis_unaligned
CONTIG	utg53	33603	unaligned
862405	864031	50993	52619	NC_057382.1	utg55	95.33		True
unknown
862613	862840	69791	70018	NC_057382.1	utg55	96.49		True
unknown
862841	863803	70020	70982	NC_057382.1	utg55	95.02		True
unknown
3028655	3028728	583963	583890	NC_057373.1	utg55	95.95		True
unknown
3019689	3019819	592720	592590	NC_057373.1	utg55	96.95		True
unknown
3019612	3019685	592794	592721	NC_057373.1	utg55	98.65		True
unknown
3019522	3019608	592881	592795	NC_057373.1	utg55	95.4		True
unknown
1471604	1471785	1258410	1258591	NC_057373.1	utg55	95.05		True
unknown
1531172	1531296	1318604	1318728	NC_057373.1	utg55	96.0		True
unknown
1604291	1604538	1391222	1391469	NC_057373.1	utg55	95.97		True
unknown
1605067	1605148	1392000	1392081	NC_057373.1	utg55	95.12		True
unknown
1613269	1613390	1400227	1400347	NC_057373.1	utg55	96.72		True
unknown
1736411	1736491	1522025	1522105	NC_057373.1	utg55	95.06		True
unknown
1782780	1782916	1568148	1568282	NC_057373.1	utg55	95.62		True
unknown
1936126	1936303	1720524	1720701	NC_057373.1	utg55	96.07		True
unknown
1937107	1937214	1721505	1721612	NC_057373.1	utg55	97.22		True
unknown
1942449	1942562	1726966	1727079	NC_057373.1	utg55	97.37		True
unknown
1945949	1946039	1730420	1730510	NC_057373.1	utg55	96.7		True
unknown
1975992	1976122	1760060	1760190	NC_057373.1	utg55	95.42		True
unknown
2158737	2158827	1942798	1942888	NC_057373.1	utg55	100.0		True
unknown
1268485	1268577	2302611	2302519	NC_057373.1	utg55	97.85		True
unknown
1264577	1264692	2306549	2306434	NC_057373.1	utg55	99.14		True
unknown
1186974	1187090	2384066	2383950	NC_057373.1	utg55	98.29		True
unknown
1186899	1186972	2384140	2384067	NC_057373.1	utg55	98.65		True
unknown
1147243	1147312	2423900	2423831	NC_057373.1	utg55	97.14		True
unknown
1147163	1147241	2423979	2423901	NC_057373.1	utg55	96.2		True
unknown
1147076	1147154	2424060	2423982	NC_057373.1	utg55	97.47		True
unknown
1131795	1131917	2439640	2439518	NC_057373.1	utg55	96.75		True
unknown
1473996	1474116	3335068	3335188	NC_057378.1	utg55	95.87		True
unknown
1474577	1474773	3335631	3335827	NC_057378.1	utg55	96.95		True
unknown
1474775	1475030	3335828	3336083	NC_057378.1	utg55	96.09		True
unknown
CONTIG	utg55	3385294	mis_unaligned
CONTIG	utg59	199242	unaligned
1956171	1956531	269361	269001	NC_057379.1	utg60	95.84		True
CONTIG	utg60	282887	correct_unaligned
CONTIG	utg61	138464	unaligned
CONTIG	utg65	47370	unaligned
CONTIG	utg67	67756	unaligned
CONTIG	utg70	70987	unaligned
CONTIG	utg71	45099	unaligned
CONTIG	utg73	105102	unaligned
CONTIG	utg74	233202	unaligned
CONTIG	utg75	131243	unaligned
CONTIG	utg77	53734	unaligned
CONTIG	utg79	64740	unaligned
CONTIG	utg80	79031	unaligned
CONTIG	utg83	69636	unaligned
CONTIG	utg84	51359	unaligned
CONTIG	utg85	63478	unaligned
CONTIG	utg88	128719	unaligned
CONTIG	utg93	92459	unaligned
CONTIG	utg94	56210	unaligned
CONTIG	utg95	121761	unaligned
CONTIG	utg98	82878	unaligned
CONTIG	utg100	110836	unaligned
CONTIG	utg101	148240	unaligned
CONTIG	utg102	83723	unaligned
CONTIG	utg104	21341	unaligned
CONTIG	utg105	116360	unaligned
CONTIG	utg109	45978	unaligned
CONTIG	utg110	134824	unaligned
CONTIG	utg111	22149	unaligned
CONTIG	utg112	26645	unaligned
CONTIG	utg113	35460	unaligned
CONTIG	utg115	106185	unaligned
CONTIG	utg116	46142	unaligned
CONTIG	utg117	54044	unaligned
CONTIG	utg122	109671	unaligned
CONTIG	utg125	109601	unaligned
862411	864032	87098	85477	NC_057382.1	utg126	95.2		True
unknown
862408	864031	98483	96861	NC_057382.1	utg126	95.08		True
unknown
1956171	1956531	299813	299453	NC_057379.1	utg126	95.84		True
unknown
1036079	1036300	1087118	1086897	NC_057376.1	utg126	95.5		True
unknown
937111	937183	1186164	1186092	NC_057376.1	utg126	95.89		True
unknown
930801	930913	1192356	1192244	NC_057376.1	utg126	96.46		True
unknown
930230	930329	1192900	1192801	NC_057376.1	utg126	96.0		True
unknown
868931	869049	1253278	1253160	NC_057376.1	utg126	96.64		True
unknown
859826	859946	1266088	1265968	NC_057376.1	utg126	95.04		True
unknown
790534	790643	1335284	1335175	NC_057376.1	utg126	96.36		True
unknown
783153	783273	1342619	1342499	NC_057376.1	utg126	98.36		True
unknown
CONTIG	utg126	2047973	mis_unaligned
CONTIG	utg127	67695	unaligned
1811687	1811770	81891	81974	NC_057385.1	utg129	100.0		True
unknown
1845166	1845286	115449	115569	NC_057385.1	utg129	100.0		True
unknown
1871466	1871565	141339	141438	NC_057385.1	utg129	95.0		True
unknown
862409	864031	912693	911071	NC_057382.1	utg129	95.57		True
unknown
CONTIG	utg129	1158933	mis_unaligned
CONTIG	utg136	70734	unaligned
CONTIG	utg138	59643	unaligned
CONTIG	utg139	36489	unaligned
CONTIG	utg141	115849	unaligned
CONTIG	utg142	23576	unaligned
CONTIG	utg143	47883	unaligned
CONTIG	utg145	56449	unaligned
862409	864031	140846	142468	NC_057382.1	utg153	95.2		True
CONTIG	utg153	201612	correct_unaligned
CONTIG	utg156	91748	unaligned
CONTIG	utg157	80854	unaligned
CONTIG	utg159	44231	unaligned
CONTIG	utg162	99720	unaligned
CONTIG	utg164	79998	unaligned
CONTIG	utg167	74260	unaligned
CONTIG	utg168	63087	unaligned
CONTIG	utg173	170906	unaligned
CONTIG	utg174	42033	unaligned
CONTIG	utg175	137189	unaligned
CONTIG	utg176	19316	unaligned
CONTIG	utg177	86718	unaligned
CONTIG	utg179	45803	unaligned
CONTIG	utg182	131778	unaligned
CONTIG	utg183	44102	unaligned
112520	112765	241450	241695	NC_057381.1	utg186	95.93		True
CONTIG	utg186	307616	correct_unaligned
CONTIG	utg187	74017	unaligned
CONTIG	utg189	60946	unaligned
CONTIG	utg192	20703	unaligned
CONTIG	utg196	70664	unaligned
CONTIG	utg199	177993	unaligned
CONTIG	utg202	124918	unaligned
CONTIG	utg203	66144	unaligned
CONTIG	utg204	169340	unaligned
CONTIG	utg205	109815	unaligned
CONTIG	utg206	58633	unaligned
CONTIG	utg207	133118	unaligned
CONTIG	utg209	61065	unaligned
CONTIG	utg210	149304	unaligned
1038691	1038964	129765	129492	NC_057371.1	utg211	96.72		True
unknown
75090	75349	129767	130026	NC_057381.1	utg211	96.54		True
unknown
75382	76159	130036	130813	NC_057381.1	utg211	96.02		True
unknown
CONTIG	utg211	504750	mis_unaligned
CONTIG	utg212	26602	unaligned
CONTIG	utg213	43351	unaligned
CONTIG	utg216	104130	unaligned
CONTIG	utg217	42905	unaligned
CONTIG	utg219	171591	unaligned
CONTIG	utg221	131965	unaligned
CONTIG	utg223	35961	unaligned
CONTIG	utg224	91068	unaligned
CONTIG	utg229	177709	unaligned
CONTIG	utg236	199569	unaligned
CONTIG	utg237	110263	unaligned
CONTIG	utg238	91587	unaligned
CONTIG	utg240	93735	unaligned
CONTIG	utg245	102871	unaligned
CONTIG	utg246	39252	unaligned
CONTIG	utg248	17642	unaligned
CONTIG	utg253	80109	unaligned
CONTIG	utg258	56478	unaligned
CONTIG	utg259	91331	unaligned
CONTIG	utg260	23897	unaligned
CONTIG	utg265	102740	unaligned
CONTIG	utg267	167170	unaligned
CONTIG	utg268	135221	unaligned
CONTIG	utg269	46849	unaligned
CONTIG	utg270	90353	unaligned
CONTIG	utg271	45039	unaligned
CONTIG	utg273	143561	unaligned
CONTIG	utg276	36352	unaligned
2785526	2785612	87886	87972	NC_057371.1	utg283	98.85		True
CONTIG	utg283	108759	correct_unaligned
2785547	2785624	5555	5632	NC_057371.1	utg284	98.72		True
unknown
2785529	2785606	5621	5698	NC_057371.1	utg284	100.0		True
unknown
CONTIG	utg284	50567	mis_unaligned
CONTIG	utg286	60983	unaligned
CONTIG	utg289	77174	unaligned
CONTIG	utg295	67978	unaligned
CONTIG	utg296	44650	unaligned
CONTIG	utg298	152578	unaligned
CONTIG	utg301	34426	unaligned
CONTIG	utg304	54961	unaligned
2785529	2785624	42399	42304	NC_057371.1	utg306	100.0		True
CONTIG	utg306	136308	correct_unaligned
CONTIG	utg309	23565	unaligned
CONTIG	utg310	38105	unaligned
CONTIG	utg311	55681	unaligned
CONTIG	utg314	62355	unaligned
CONTIG	utg316	43230	unaligned
CONTIG	utg318	75859	unaligned
CONTIG	utg320	108760	unaligned
1952932	1953004	14763	14834	NC_057375.1	utg322	98.63		True
CONTIG	utg322	171005	correct_unaligned
CONTIG	utg325	105387	unaligned
CONTIG	utg328	59254	unaligned
CONTIG	utg329	18782	unaligned
CONTIG	utg331	46461	unaligned
CONTIG	utg334	21053	unaligned
CONTIG	utg335	100726	unaligned
CONTIG	utg337	89593	unaligned
CONTIG	utg339	22586	unaligned
255357	255467	153413	153523	NC_057379.1	utg340	97.3		True
unknown
268901	268993	166837	166929	NC_057379.1	utg340	98.92		True
unknown
CONTIG	utg340	193364	mis_unaligned
CONTIG	utg341	40804	unaligned
CONTIG	utg345	53297	unaligned
CONTIG	utg348	54677	unaligned
CONTIG	utg349	67596	unaligned
CONTIG	utg351	18062	unaligned
CONTIG	utg352	89310	unaligned
CONTIG	utg353	20936	unaligned
CONTIG	utg355	121623	unaligned
CONTIG	utg356	48568	unaligned
CONTIG	utg359	44537	unaligned
CONTIG	utg361	41072	unaligned
CONTIG	utg362	38769	unaligned
CONTIG	utg363	51781	unaligned
CONTIG	utg366	102079	unaligned
CONTIG	utg367	41120	unaligned
CONTIG	utg368	94692	unaligned
CONTIG	utg373	91494	unaligned
CONTIG	utg375	111594	unaligned
CONTIG	utg378	21630	unaligned
CONTIG	utg388	41349	unaligned
CONTIG	utg389	97538	unaligned
CONTIG	utg390	60678	unaligned
CONTIG	utg394	60310	unaligned
CONTIG	utg395	116490	unaligned
CONTIG	utg397	21638	unaligned
CONTIG	utg400	68481	unaligned
CONTIG	utg404	45768	unaligned
CONTIG	utg408	78448	unaligned
CONTIG	utg410	99886	unaligned
CONTIG	utg418	32503	unaligned
CONTIG	utg421	34554	unaligned
CONTIG	utg424	32737	unaligned
CONTIG	utg425	80214	unaligned
CONTIG	utg427	26251	unaligned
CONTIG	utg428	67597	unaligned
CONTIG	utg429	41575	unaligned
CONTIG	utg431	58930	unaligned
CONTIG	utg432	51637	unaligned
CONTIG	utg433	69778	unaligned
CONTIG	utg439	110625	unaligned
CONTIG	utg440	35194	unaligned
CONTIG	utg441	35539	unaligned
CONTIG	utg443	74062	unaligned
CONTIG	utg448	50156	unaligned
CONTIG	utg452	37588	unaligned
CONTIG	utg456	38253	unaligned
CONTIG	utg458	96472	unaligned
CONTIG	utg462	40785	unaligned
CONTIG	utg467	22492	unaligned
CONTIG	utg469	19821	unaligned
CONTIG	utg471	121233	unaligned
CONTIG	utg474	70616	unaligned
CONTIG	utg476	219185	unaligned
CONTIG	utg479	55539	unaligned
CONTIG	utg481	61739	unaligned
CONTIG	utg483	22668	unaligned
2785553	2785625	21330	21402	NC_057371.1	utg484	100.0		True
CONTIG	utg484	110633	correct_unaligned
CONTIG	utg485	125390	unaligned
CONTIG	utg489	108202	unaligned
CONTIG	utg492	68734	unaligned
CONTIG	utg497	49245	unaligned
CONTIG	utg500	54412	unaligned
CONTIG	utg504	97304	unaligned
CONTIG	utg506	48675	unaligned
CONTIG	utg508	29690	unaligned
CONTIG	utg510	60296	unaligned
CONTIG	utg520	40830	unaligned
CONTIG	utg524	117808	unaligned
CONTIG	utg528	48563	unaligned
CONTIG	utg530	18583	unaligned
CONTIG	utg531	77221	unaligned
CONTIG	utg536	45168	unaligned
CONTIG	utg539	39849	unaligned
CONTIG	utg542	116755	unaligned
CONTIG	utg544	84708	unaligned
CONTIG	utg546	22814	unaligned
CONTIG	utg548	201555	unaligned
CONTIG	utg554	72570	unaligned
CONTIG	utg557	75170	unaligned
CONTIG	utg562	89448	unaligned
CONTIG	utg563	62937	unaligned
CONTIG	utg566	113627	unaligned
CONTIG	utg567	20890	unaligned
CONTIG	utg568	111710	unaligned
CONTIG	utg572	32936	unaligned
CONTIG	utg574	15407	unaligned
CONTIG	utg579	36730	unaligned
1689306	1689375	65035	65104	NC_057378.1	utg586	95.71		True
CONTIG	utg586	78333	correct_unaligned
CONTIG	utg591	37879	unaligned
CONTIG	utg592	42919	unaligned
CONTIG	utg594	84199	unaligned
CONTIG	utg601	32864	unaligned
CONTIG	utg604	24097	unaligned
CONTIG	utg607	119872	unaligned
CONTIG	utg608	103277	unaligned
CONTIG	utg611	89653	unaligned
CONTIG	utg612	48046	unaligned
CONTIG	utg617	32694	unaligned
CONTIG	utg619	40298	unaligned
CONTIG	utg624	18232	unaligned
CONTIG	utg630	35255	unaligned
CONTIG	utg638	63598	unaligned
CONTIG	utg643	62965	unaligned
CONTIG	utg645	61854	unaligned
CONTIG	utg646	47691	unaligned
CONTIG	utg653	34867	unaligned
CONTIG	utg655	103036	unaligned
CONTIG	utg657	111284	unaligned
CONTIG	utg658	26918	unaligned
CONTIG	utg660	76611	unaligned
CONTIG	utg664	26500	unaligned
CONTIG	utg666	43125	unaligned
CONTIG	utg667	57874	unaligned
CONTIG	utg668	44270	unaligned
CONTIG	utg676	48061	unaligned
CONTIG	utg677	50244	unaligned
CONTIG	utg678	54793	unaligned
CONTIG	utg683	21195	unaligned
CONTIG	utg686	58976	unaligned
CONTIG	utg687	16764	unaligned
CONTIG	utg689	115046	unaligned
CONTIG	utg691	91524	unaligned
CONTIG	utg693	44660	unaligned
CONTIG	utg698	37132	unaligned
CONTIG	utg699	111133	unaligned
CONTIG	utg701	46875	unaligned
1228096	1228320	10355	10131	NC_057380.1	utg702	96.44		True
unknown
1227887	1228095	10565	10357	NC_057380.1	utg702	95.69		True
unknown
894021	894652	28120	27489	NC_057384.1	utg702	95.73		True
unknown
CONTIG	utg702	71971	mis_unaligned
CONTIG	utg705	101400	unaligned
1594781	1594845	29324	29388	NC_057384.1	utg709	100.0		True
CONTIG	utg709	75140	correct_unaligned
CONTIG	utg714	131030	unaligned
CONTIG	utg717	30628	unaligned
CONTIG	utg719	51642	unaligned
CONTIG	utg723	91491	unaligned
CONTIG	utg729	50547	unaligned
CONTIG	utg734	29922	unaligned
CONTIG	utg737	29612	unaligned
CONTIG	utg739	96653	unaligned
CONTIG	utg740	39846	unaligned
CONTIG	utg742	132439	unaligned
CONTIG	utg745	66334	unaligned
CONTIG	utg753	14742	unaligned
CONTIG	utg755	24124	unaligned
CONTIG	utg763	61662	unaligned
CONTIG	utg765	66988	unaligned
CONTIG	utg767	24724	unaligned
CONTIG	utg770	51690	unaligned
CONTIG	utg771	114743	unaligned
862409	864031	30852	32475	NC_057382.1	utg775	95.14		True
CONTIG	utg775	67680	correct_unaligned
2785525	2785605	4382	4462	NC_057371.1	utg777	98.77		True
CONTIG	utg777	34277	correct_unaligned
862409	864031	52409	50788	NC_057382.1	utg786	95.2		True
CONTIG	utg786	59467	correct_unaligned
CONTIG	utg791	50190	unaligned
CONTIG	utg792	21640	unaligned
CONTIG	utg796	84233	unaligned
CONTIG	utg798	42330	unaligned
CONTIG	utg804	46874	unaligned
CONTIG	utg805	18605	unaligned
CONTIG	utg808	152467	unaligned
CONTIG	utg811	43186	unaligned
CONTIG	utg813	31421	unaligned
CONTIG	utg816	27185	unaligned
CONTIG	utg819	64953	unaligned
CONTIG	utg823	32970	unaligned
CONTIG	utg831	64027	unaligned
CONTIG	utg832	56696	unaligned
CONTIG	utg833	67687	unaligned
CONTIG	utg835	21917	unaligned
CONTIG	utg840	25536	unaligned
CONTIG	utg845	51010	unaligned
CONTIG	utg848	49321	unaligned
CONTIG	utg852	45317	unaligned
CONTIG	utg862	76473	unaligned
CONTIG	utg863	107759	unaligned
CONTIG	utg867	159102	unaligned
CONTIG	utg876	29962	unaligned
CONTIG	utg881	117154	unaligned
CONTIG	utg882	21306	unaligned
CONTIG	utg883	39217	unaligned
CONTIG	utg884	60235	unaligned
CONTIG	utg886	40128	unaligned
CONTIG	utg894	146307	unaligned
CONTIG	utg903	46416	unaligned
CONTIG	utg905	72448	unaligned
CONTIG	utg912	24710	unaligned
CONTIG	utg914	26661	unaligned
862411	864031	19649	18029	NC_057382.1	utg919	95.07		True
unknown
862724	862799	41606	41681	NC_057382.1	utg919	97.37		True
unknown
862902	863018	41784	41900	NC_057382.1	utg919	99.15		True
unknown
863676	863844	42565	42733	NC_057382.1	utg919	95.27		True
unknown
CONTIG	utg919	55363	mis_unaligned
CONTIG	utg929	59998	unaligned
CONTIG	utg934	89361	unaligned
CONTIG	utg936	107959	unaligned
CONTIG	utg942	34891	unaligned
CONTIG	utg945	32207	unaligned
CONTIG	utg949	168803	unaligned
CONTIG	utg951	16372	unaligned
CONTIG	utg953	28461	unaligned
CONTIG	utg956	65899	unaligned
CONTIG	utg959	58996	unaligned
CONTIG	utg960	60832	unaligned
CONTIG	utg969	100115	unaligned
CONTIG	utg970	29878	unaligned
CONTIG	utg973	48756	unaligned
CONTIG	utg977	43707	unaligned
CONTIG	utg979	20544	unaligned
CONTIG	utg981	29633	unaligned
CONTIG	utg985	82626	unaligned
CONTIG	utg993	72970	unaligned
CONTIG	utg995	34080	unaligned
CONTIG	utg997	52967	unaligned
CONTIG	utg1000	47800	unaligned
CONTIG	utg1003	115033	unaligned
CONTIG	utg1008	31973	unaligned
CONTIG	utg1009	121358	unaligned
CONTIG	utg1025	23947	unaligned
CONTIG	utg1027	42844	unaligned
CONTIG	utg1028	71814	unaligned
CONTIG	utg1031	52893	unaligned
CONTIG	utg1032	66025	unaligned
1039019	1039247	18530	18302	NC_057371.1	utg1036	96.07		True
unknown
1038490	1038965	19035	18560	NC_057371.1	utg1036	96.01		True
unknown
1037716	1038377	20386	19725	NC_057371.1	utg1036	96.22		True
unknown
CONTIG	utg1036	54434	mis_unaligned
CONTIG	utg1038	100719	unaligned
CONTIG	utg1041	47961	unaligned
CONTIG	utg1047	30171	unaligned
CONTIG	utg1065	37993	unaligned
CONTIG	utg1069	20366	unaligned
CONTIG	utg1087	55199	unaligned
CONTIG	utg1095	37247	unaligned
CONTIG	utg1096	48564	unaligned
CONTIG	utg1099	48139	unaligned
CONTIG	utg1119	55170	unaligned
CONTIG	utg1122	28460	unaligned
CONTIG	utg1123	66588	unaligned
CONTIG	utg1137	44358	unaligned
CONTIG	utg1143	33734	unaligned
CONTIG	utg1147	37326	unaligned
CONTIG	utg1155	29545	unaligned
CONTIG	utg1156	121461	unaligned
CONTIG	utg1159	39037	unaligned
CONTIG	utg1161	44781	unaligned
CONTIG	utg1162	30805	unaligned
CONTIG	utg1173	169920	unaligned
CONTIG	utg1198	53615	unaligned
CONTIG	utg1203	30121	unaligned
CONTIG	utg1204	58508	unaligned
CONTIG	utg1209	27622	unaligned
CONTIG	utg1229	60064	unaligned
CONTIG	utg1246	68711	unaligned
CONTIG	utg1251	34589	unaligned
CONTIG	utg1262	61763	unaligned
CONTIG	utg1263	63393	unaligned
CONTIG	utg1276	24957	unaligned
871320	871557	20950	21187	NC_057382.1	utg1292	95.38		True
CONTIG	utg1292	67921	correct_unaligned
CONTIG	utg1297	27092	unaligned
CONTIG	utg1306	49354	unaligned
CONTIG	utg1324	39616	unaligned
CONTIG	utg1326	16979	unaligned
CONTIG	utg1330	29765	unaligned
CONTIG	utg1345	44714	unaligned
CONTIG	utg1346	40267	unaligned
862819	864031	30420	29210	NC_057382.1	utg1348	95.14		True
unknown
1037716	1038127	37044	36633	NC_057371.1	utg1348	96.6		True
unknown
CONTIG	utg1348	77384	mis_unaligned
CONTIG	utg1356	124039	unaligned
CONTIG	utg1385	27801	unaligned
CONTIG	utg1387	53057	unaligned
CONTIG	utg1393	27447	unaligned
CONTIG	utg1403	44800	unaligned
862984	864031	51016	52062	NC_057382.1	utg1410	95.42		True
CONTIG	utg1410	75367	correct_unaligned
CONTIG	utg1413	51846	unaligned
CONTIG	utg1415	18619	unaligned
CONTIG	utg1427	18521	unaligned
CONTIG	utg1435	21121	unaligned
CONTIG	utg1445	16357	unaligned
CONTIG	utg1460	48196	unaligned
CONTIG	utg1463	28132	unaligned
CONTIG	utg1473	137872	unaligned
CONTIG	utg1476	40009	unaligned
CONTIG	utg1504	18028	unaligned
CONTIG	utg1546	85128	unaligned
CONTIG	utg1560	18155	unaligned
CONTIG	utg1578	44803	unaligned
CONTIG	utg1579	24397	unaligned
CONTIG	utg1583	27473	unaligned
CONTIG	utg1630	18642	unaligned
CONTIG	utg1669	57691	unaligned
CONTIG	utg1683	37724	unaligned
CONTIG	utg1686	19365	unaligned
CONTIG	utg1693	26916	unaligned
CONTIG	utg1710	30399	unaligned
CONTIG	utg1730	36720	unaligned
CONTIG	utg1750	41874	unaligned
2785543	2785618	42921	42996	NC_057371.1	utg1758	100.0		True
CONTIG	utg1758	55471	correct_unaligned
CONTIG	utg1812	16147	unaligned
CONTIG	utg1815	23055	unaligned
CONTIG	utg1844	52662	unaligned
CONTIG	utg1884	22298	unaligned
CONTIG	utg1890	26098	unaligned
CONTIG	utg1892	37178	unaligned
CONTIG	utg1923	22280	unaligned
CONTIG	utg1928	24963	unaligned
CONTIG	utg1943	37269	unaligned
CONTIG	utg2001	59229	unaligned
CONTIG	utg2017	19069	unaligned
CONTIG	utg2031	22834	unaligned
CONTIG	utg2046	36636	unaligned
CONTIG	utg2151	24209	unaligned
CONTIG	utg2248	18402	unaligned
CONTIG	utg2272	22487	unaligned
CONTIG	utg2293	29649	unaligned
CONTIG	utg2404	14123	unaligned
CONTIG	utg2453	17374	unaligned
CONTIG	utg2566	24749	unaligned
